Country,GDP per capita,Life Expectancy,GHG Emissions,Labor Force Participation,Military Expenditure,Development Status,Status Label,GDP per capita (log),GHG Emissions per Capita,GHG Emissions per Capita (log)
Africa Eastern and Southern,1383.37781834824,63.7664840026943,1421.7752,66.2909266940518,1.12508237141778,0,Developing,7.233006089058599,1.027756250781588,0.22873598013027
Africa Western and Central,1751.19501048234,57.3644254011107,866.4966,70.803235957811,0.943009217676817,0,Developing,7.468624572655067,0.4948030315374966,0.22873598013027
Arab World,5861.7972778436,70.7265588103862,2855.4014,44.1240628183748,3.2351087559283496,1,Developed,8.676382119843083,0.4871204623184149,0.22873598013027
Caribbean small states,10893.2646542794,71.6276208799328,15.9304,58.0672870494656,2.1092126445396673,1,Developed,9.295991751230268,0.0014624082408336396,0.0014613399632806485
Central Europe and the Baltics,14504.8075525764,76.0074026201527,859.8807,56.6480083422115,1.93010185476976,1,Developed,9.58230436908893,0.05928246182399467,0.057591756100733166
Early-demographic dividend,3357.8244560177,69.8801308490982,11519.5735,54.21132759553,2.50143336780175,0,Developing,8.119346327460017,3.4306657929527207,0.22873598013027
East Asia & Pacific,11103.7258582781,76.5434376080231,20045.5688,65.6821138719945,1.65431663130632,1,Developed,9.315126049691361,1.8053011264732854,0.22873598013027
East Asia & Pacific (excluding high income),8150.22320292296,75.6976393295064,17384.7458,66.1159646551135,1.67373545145431,1,Developed,9.00592328122131,2.1330392269214435,0.22873598013027
East Asia & Pacific (IDA & IBRD countries),8241.55852879593,75.73384970547,17289.3369,65.9290062614139,1.67373545145431,1,Developed,9.017066075775505,2.0978237113273193,0.22873598013027
Euro area,34610.8850208902,81.487506689434,2567.0205,56.1432312670961,1.52183992003228,1,Developed,10.451952399777571,0.07416801097257743,0.07154641864958405
Europe & Central Asia,22944.3040398438,77.1746102388977,8030.9912,57.4679261243393,1.83099685180629,1,Developed,10.040868577551507,0.3500211288193283,0.22873598013027
Europe & Central Asia (excluding high income),6954.84321243087,73.5589073374531,1741.8458,54.9950183592428,2.43307256362971,1,Developed,8.847337335316592,0.2504507645674426,0.22350409796340853
Europe & Central Asia (IDA & IBRD countries),8731.99724313867,73.1551939454689,4704.3443,57.116372844838,3.03731405716384,1,Developed,9.07486391673049,0.538747799502173,0.22873598013027
European Union,31379.7615578403,80.4310201133423,3388.279,56.4351910602506,1.54267141832478,1,Developed,10.353950294884836,0.10797656934883341,0.10253544130441364
Fragile and conflict affected situations,1695.13452408245,62.0881829918929,2205.8376,61.9481233865391,1.79681578346589,0,Developing,7.436107131651148,1.3012758389744823,0.22873598013027
Heavily indebted poor countries (HIPC),943.987903544912,63.0726319690016,1239.158,64.6812850489093,1.17337458995985,0,Developing,6.8511721269302415,1.3126841936709674,0.22873598013027
High income,37554.0889748247,79.2001486815502,17104.6666,60.2918424630654,2.6160024976893,1,Developed,10.53356417330449,0.4554674888123776,0.22873598013027
IBRD only,6274.00736433143,73.2956686942805,30773.468,58.778360912338,1.94282078345486,1,Developed,8.74432993759793,4.904914229930822,0.22873598013027
IDA & IBRD total,4965.67182896473,70.7496272014679,33904.5157,59.5572367970004,1.90894831102947,0,Developing,8.510505242653773,6.827780181170088,0.22873598013027
IDA blend,1950.44151018836,60.850816739658,1328.2953,64.4618400798026,1.64048854155376,0,Developing,7.576323614451478,0.6810228827993526,0.22873598013027
IDA only,1116.41697745071,65.2834587967517,1802.7524,61.1326428066894,1.36150310014553,0,Developing,7.01877503061887,1.614766199737044,0.22873598013027
IDA total,1395.10937298767,63.8022749886515,3131.0477,62.2378586868638,1.47714106399874,0,Developing,7.2414446276656905,2.2443026766387244,0.22873598013027
Late-demographic dividend,9747.60290129074,76.6935326569972,21896.8093,64.6808409349375,1.95730180345428,1,Developed,9.184879261549279,2.2463788812222245,0.22873598013027
Latin America & Caribbean,8145.99967744682,73.1889336743784,3230.6888,59.5875548010991,1.29340603467048,1,Developed,9.00540500071899,0.39659819886128284,0.22873598013027
Latin America & Caribbean (excluding high income),7713.1035785803,72.9350521073235,2852.8304,60.1260948878422,1.2347032621115,1,Developed,8.950805566028338,0.3698680266556334,0.22873598013027
Latin America & the Caribbean (IDA & IBRD countries),8024.79852750121,73.0747493617473,3173.6912,59.856708206718,1.29340603467048,1,Developed,8.990416448032498,0.3954854678436688,0.22873598013027
Least developed countries: UN classification,1020.04519699244,64.8323585417323,1615.6852,62.2550190768175,1.44515834293329,0,Developing,6.928582084562406,1.5839349126526738,0.22873598013027
Low & middle income,4692.43176532252,70.6674106202506,30715.3456,59.6717081602968,1.78291968504852,0,Developing,8.453919313548967,6.545720244029777,0.22873598013027
Low income,699.867964986009,63.3694817765636,963.6666,62.1794959604609,1.34851455113815,0,Developing,6.552319516920315,1.37692628925981,0.22873598013027
Lower middle income,2023.50424369151,68.045202107109,7024.244,56.1934733938204,2.17974940307462,0,Developing,7.6130801316377195,3.471326547447987,0.22873598013027
Middle East & North Africa,7067.86465301669,72.6473205039178,3638.9024,44.679127216694,3.2351087559283496,1,Developed,8.863455159434634,0.5148517379215591,0.22873598013027
Middle East & North Africa (excluding high income),3774.65352636265,71.6409876742629,2110.8255,41.96855394819531,2.89523081109296,0,Developing,8.236328766265927,0.5592103977908786,0.22873598013027
Middle East & North Africa (IDA & IBRD countries),3784.54884071019,71.602007086554,2110.8255,41.96855394819531,2.89523081109296,0,Developing,8.238946159510109,0.5577482518639905,0.22873598013027
Middle income,5163.6994642281,71.5286230831394,29751.679,59.4404940380227,1.78867500041536,0,Developing,8.5496021928769,5.761698411401922,0.22873598013027
North America,57737.897806055,77.449874465938,6383.8798,61.824689007551,3.2351087559283496,1,Developed,10.963686364119853,0.1105665436840778,0.10487028482999752
Not classified,2588.0664359177026,67.45430911750672,1246.471953030303,59.04029076105143,1.8049708592377387,0,Developing,7.859052640263441,0.48162285779511543,0.22873598013027
OECD members,36385.5052653603,78.9574582347209,14244.6094,59.2428440838223,2.44664655202383,1,Developed,10.501953250417696,0.3914913176583298,0.22873598013027
Other small states,12299.5886034111,73.1628849294383,127.58,58.6155887846017,2.34280443612822,1,Developed,9.417402394151408,0.010372704658155612,0.010319277297083174
Pacific island small states,3524.51350515927,68.3568108792759,6.7568,64.0825780969011,1.8049708592377387,0,Developing,8.167781379859251,0.0019170872774665862,0.0019152520108550483
Post-demographic dividend,41703.96284105,80.0635835800272,12734.0688,59.8580732909462,2.48490611668265,1,Developed,10.638375413680231,0.30534433498644914,0.22873598013027
Pre-demographic dividend,1407.22788932783,60.501207001444,1801.8447,67.1144021116393,1.3888555668484,0,Developing,7.250087376836958,1.2804213970351745,0.22873598013027
Small states,10913.6905498358,72.2829532662199,150.2672,59.1188840242942,2.2755055862446,1,Developed,9.29786491767384,0.013768687989990777,0.013674760792976007
South Asia,1745.81850493103,69.6005740994618,4338.046,51.9337945599124,2.65017267013044,0,Developing,7.465551415172783,2.484820723200765,0.22873598013027
South Asia (IDA & IBRD),1745.81850493103,69.6005740994618,4338.046,51.9337945599124,2.65017267013044,0,Developing,7.465551415172783,2.484820723200765,0.22873598013027
Sub-Saharan Africa,1532.69557630294,61.1675270829902,2288.2718,68.0950267765832,1.04076069055312,0,Developing,7.335435511322484,1.4929721435743994,0.22873598013027
Sub-Saharan Africa (excluding high income),1531.38863702908,61.1661735295458,2287.0521,68.0950267765832,1.04032909349639,0,Developing,7.334582997652225,1.4934498302383383,0.22873598013027
Sub-Saharan Africa (IDA & IBRD countries),1532.69557630294,61.1675270829902,2288.2718,68.0950267765832,1.04076069055313,0,Developing,7.335435511322484,1.4929721435743994,0.22873598013027
Upper middle income,8499.78691038916,75.2293474558881,22727.435,62.4596976340328,1.69145938221841,1,Developed,9.0479140158862,2.6738829149023258,0.22873598013027
World,10523.9210942655,72.1827671974507,49327.538885203,59.7680231039701,2.3295001546231,1,Developed,9.26150116154058,4.687182509576363,0.22873598013027
Afghanistan,527.834554499306,61.454,26.6463,41.96855394819531,1.35885692738929,0,Developing,6.270675631522294,0.05048229558460071,0.049249387838291615
Albania,4417.04105105395,77.824,7.9674,57.78,1.29583570269739,0,Developing,8.393451675710084,0.0018037867223576968,0.0018021618527398885
Algeria,4363.68533766912,73.257,241.132,41.96855394819531,3.2351087559283496,0,Developing,8.381301378085146,0.05525879648526666,0.05378604157111636
American Samoa,13194.274740128,72.672,0.0085,60.01440606717643,2.1092126445396673,1,Developed,9.487614070253665,6.442188121298391e-07,6.442186046209893e-07
Andorra,34536.6499209948,79.418,2518.7549931529666,60.01440606717643,2.1092126445396673,1,Developed,10.449805310040052,0.07292991644860776,0.07039314599687116
Angola,2433.37637275564,63.116,61.6801,74.729,1.73699395811082,0,Developing,7.79744589296371,0.025347537968469426,0.025031616554686872
Antigua and Barbuda,14935.6150238496,77.161,0.3413,60.01440606717643,2.1092126445396673,1,Developed,9.611570861653497,2.2851419205369367e-05,2.2851158115667025e-05
Argentina,11393.0505957877,75.878,347.3124,56.023,0.734111593948744,1,Developed,9.340846620594611,0.03048458330628412,0.030029160834997733
Armenia,4032.09043454955,73.3756097560976,9.9936,62.452,3.2351087559283496,0,Developing,8.3022882182643,0.0024785158374346947,0.0024754493828488527
Aruba,21947.9953301189,75.406,0.4822,60.01440606717643,2.1092126445396673,1,Developed,9.996476646618394,2.1970115846447454e-05,2.196987450698713e-05
Australia,58132.798523626,83.2,584.5715,65.104,2.01065640494339,1,Developed,10.970502503883484,0.010055794918636538,0.010005571821057263
Austria,43428.6983141255,81.1926829268293,77.2734,60.364,0.884127145088915,1,Developed,10.678898779019027,0.0017793165118850976,0.0017777354035106896
Azerbaijan,5083.56025445721,70.312,54.7245,67.223,3.2351087559283496,0,Developing,8.533963825777006,0.010764994858085563,0.010707464806474557
"Bahamas, The",23879.3136835653,72.994,1.791,68.402,2.1092126445396673,1,Developed,10.080809703247956,7.500215557839244e-05,7.499934305735095e-05
Bahrain,23586.9309581516,78.683,63.1845,69.585,3.2351087559283496,1,Developed,10.06849046012576,0.002678792765031754,0.0026752111944571863
Bangladesh,1604.6659234742,71.421,251.5593,59.852,1.24468950875224,0,Developing,7.381293855105994,0.15676739707624543,0.1456293883082562
Barbados,16166.6559507829,76.647,0.8647,63.807,2.1092126445396673,1,Developed,9.690767979217192,5.3486633391126585e-05,5.348520303215399e-05
Belarus,6252.00220091446,72.1385609756098,88.5806,64.006,1.40325859867166,1,Developed,8.7408169795446,0.014168357136381622,0.014068924065969008
Belgium,40769.0218401768,80.6951219512195,115.8177,53.382,1.01248470692312,1,Developed,10.615702331505497,0.0028408260677440316,0.002836798547224292
Belize,5003.87784847193,71.58,0.8333,64.449,1.25112140600777,0,Developing,8.518168285551777,0.00016653084372442682,0.0001665169790027189
Benin,1126.6540412547,60.154,17.6528,74.791,0.458762015150415,0,Developing,7.027894684000292,0.0156683412597011,0.01554686009652623
Bermuda,98982.425748059,81.456,0.3441,60.01440606717643,2.1092126445396673,1,Developed,11.502707698414717,3.4763746937849487e-06,3.476368651208447e-06
Bhutan,3092.12428419388,72.253,3.0652,67.827,1.8049708592377387,0,Developing,8.036936954287697,0.0009912926254835518,0.0009908016194092254
Bolivia,2949.81954615545,62.906,48.0161,72.869,1.39204744468967,0,Developing,7.989838223007271,0.016277639783959057,0.01614657932942322
Bosnia and Herzegovina,5490.75367062899,76.04,30.4448,48.752,0.827298283159884,0,Developing,8.611002913483745,0.005544739725414128,0.005529424243594594
Botswana,6254.2461755493,67.643,10.5047,61.735,3.2351087559283496,1,Developed,8.741175778729167,0.0016796108923674386,0.0016782019234516245
Brazil,8435.01143297182,74.506,1215.9991,60.479,1.32666026860555,1,Developed,9.040264896857565,0.14416093086095316,0.13467155689347535
British Virgin Islands,2588.0664359177026,76.894,0.0795,59.04029076105143,1.8049708592377387,0,Developing,7.859052640263441,3.071791314808736e-05,3.071744136265476e-05
Brunei Darussalam,30015.9587299585,75.114,12.574,64.036,3.2351087559283496,1,Developed,10.30951779192614,0.0004189104906867449,0.00041882277218375363
Bulgaria,7990.69254981114,73.3560975609756,53.5659,55.726,1.59346116571228,1,Developed,8.986157849845059,0.006703536604129015,0.006681167813652674
Burkina Faso,713.8421779224,60.454,28.8247,51.528,2.13201807583334,0,Developing,6.572061788151055,0.04037965378270694,0.03958569825225708
Burundi,255.078218433565,62.569,6.0366,78.23707675300784,2.18591328366483,0,Developing,5.545482938567605,0.02366568198990393,0.023389990878589638
Cabo Verde,3255.93628984058,73.818,1.1897,55.0,0.618818770532046,0,Developing,8.088542244090313,0.00036539412755470443,0.0003653273873776296
Cambodia,1908.63427518336,70.059,46.5094,78.23707675300784,2.39555954750291,0,Developing,7.554667023744647,0.024367895203774387,0.024075734754283644
Cameroon,1434.51913723409,61.674,38.7752,65.915,0.96440732254506,0,Developing,7.269281830878797,0.027030102975665302,0.02667124208029779
Canada,42366.1285192527,81.5351219512195,711.9313,64.097,1.40083568623706,1,Developed,10.654128069769907,0.016804256723067644,0.016664627276031626
Cayman Islands,75199.6450417809,79.23,0.3358,60.01440606717643,2.1092126445396673,1,Developed,11.2279150875844,4.4654466096672346e-06,4.465436639590203e-06
Central African Republic,398.834274122139,51.169391225819766,12.4974,73.002,1.85914200170463,0,Developing,5.991050146561283,0.031334819524995984,0.03085390452083045
Chad,601.325555951846,53.082,81.9807,59.367,3.00516441872389,0,Developing,6.400798089751957,0.13633330429509466,0.12780667893332454
Channel Islands,58640.7349454753,80.9,2518.7549931529666,57.861,2.1092126445396673,1,Developed,10.979201922505458,0.04295230943975938,0.04205545056265723
Chile,12679.0240036611,79.349,124.0909,56.358,2.06377550015856,1,Developed,9.447783121022635,0.00978710190659537,0.009739518442303464
China,10358.1699971792,78.019,14497.8987,65.976,1.75669947098837,1,Developed,9.245627396501614,1.3996583087503058,0.22873598013027
Colombia,5891.95523215403,74.757,196.5034,63.415,3.2351087559283496,1,Developed,8.681512888025422,0.03335113595697852,0.03280705102004772
Comoros,1359.7070894329,65.756,0.7721,49.033,1.8049708592377387,0,Developing,7.215759762319861,0.0005678428876340004,0.0005676817258683043
"Congo, Dem. Rep.",471.504423341186,60.428,50.7937,63.44,0.743310281501406,0,Developing,6.158047108458626,0.10772687908220344,0.10231005891593223
"Congo, Rep.",1725.51040049963,64.391,25.0299,66.877,2.60118726630221,0,Developing,7.453857540848757,0.014505794918855588,0.014401592360918277
Costa Rica,12242.2098908533,79.725,14.3721,60.621,2.1092126445396673,1,Developed,9.412726767670597,0.0011739792184692107,0.001173290643728779
Cote d'Ivoire,2055.08483996432,60.14,29.5006,65.02,0.989482626607969,0,Developing,7.628558890297782,0.014354930476014889,0.014252873978004739
Croatia,13544.9715102628,77.5243902439024,25.04,51.011,1.70256133740463,1,Developed,9.51384447658814,0.0018486565277031116,0.001846949865255805
Cuba,7252.31672155863,77.407,39.5182,51.417,2.1092126445396673,1,Developed,8.889214122072854,0.005449044976555706,0.005434252642708882
Curacao,14901.2436090623,76.501,2518.7549931529666,60.01440606717643,2.1092126445396673,1,Developed,9.60926705838727,0.16902985141596957,0.15617421802015832
Cyprus,27391.58984375,81.23,9.3305,65.734,1.92017174602879,1,Developed,10.218027812140921,0.00034063375120699544,0.0003405757487021315
Czechia,19233.1469565497,78.2268292682927,117.9742,59.46,1.32244994903778,1,Developed,9.864442465700227,0.00613389999392818,0.006115164205958459
Denmark,55934.5556066994,81.6024390243903,43.5573,62.125,1.37713112053436,1,Developed,10.931955514309367,0.0007787189784123904,0.0007784159341027523
Djibouti,2776.54090852115,64.2,2.0844,41.96855394819531,1.8049708592377387,0,Developing,7.929321249945789,0.0007507182745274946,0.000750436626513699
Dominica,6996.13658633828,71.269,0.1347,60.01440606717643,2.1092126445396673,1,Developed,8.853256285255425,1.9253483453001146e-05,1.9253298107067643e-05
Dominican Republic,7565.84276444044,72.636,43.009,60.365,0.746231922011371,1,Developed,8.931531187364115,0.0056846277855710755,0.005668531262060266
Ecuador,5355.68933100132,72.004,64.5465,59.926,2.37312249582349,0,Developing,8.586101401106394,0.012051949993882885,0.01197990353378011
"Egypt, Arab Rep.",3770.86947867421,69.79,306.7631,41.96855394819531,1.12247550332399,0,Developing,8.2353260404702,0.08135076054338906,0.07821096386399504
El Salvador,3808.53195436409,70.244,11.2159,56.752,1.37945779018632,0,Developing,8.245261613950884,0.002944940500538013,0.002940612658006042
Equatorial Guinea,5575.26241511492,62.141,9.3375,57.701,1.64082995887433,0,Developing,8.62627401286724,0.0016748090591548472,0.0016734081304364907
Eritrea,2588.0664359177026,66.98,6.2963,77.07,1.8049708592377387,0,Developing,7.859052640263441,0.002432820082444056,0.0024298655665674356
Estonia,19946.944991505,78.5951219512195,14.5111,63.039,2.29675683425333,1,Developed,9.900881409067715,0.0007274848357069208,0.0007272203468804625
Eswatini,3542.91502785498,59.862,3.0266,48.222,1.8608190625872,0,Developing,8.172987335098647,0.0008542683005955191,0.0008539036211054582
Ethiopia,799.47559497498,65.969,169.9928,69.353,0.521624297220978,0,Developing,6.685206044745266,0.2126303805500404,0.19279186839907628
Faroe Islands,54295.461892057,82.6439024390244,0.0507,60.01440606717643,2.1092126445396673,1,Developed,10.902214345273464,9.337796978464791e-07,9.337792618744884e-07
Fiji,4729.3813514501,66.924,3.0919,56.733,1.58932558621181,0,Developing,8.461761102221262,0.0006537641543860651,0.0006535505436968891
Finland,44690.9801797392,81.9317073170732,52.6471,58.849,1.42582276779338,1,Developed,10.707549350181477,0.0011780251806575443,0.0011773318534456024
France,35709.204585868,82.1756097560976,398.3513,54.271,1.99647774299432,1,Developed,10.483191769663877,0.011155423499901996,0.011093660665741972
French Polynesia,19811.8102319951,82.459,1.2107,53.984,2.1092126445396673,1,Developed,9.894083988894273,6.111001396756664e-05,6.110814682673003e-05
Gabon,6534.27966529444,67.073,19.7598,47.947,1.72005326971719,1,Developed,8.784970420137967,0.0030240211641002065,0.003019458009169937
"Gambia, The",670.758642891251,64.418,1.9232,47.844,0.809324910343592,0,Developing,6.50989911364469,0.002867201221157884,0.002863098639816556
Georgia,4659.60925318234,73.509,17.3462,63.399,1.8054778310535,0,Developing,8.446901459600081,0.0037226726657719617,0.0037157606686412004
Germany,42362.6472136853,81.0414634146342,749.7997,60.478,1.37427175481016,1,Developed,10.654045896426414,0.017699547816685462,0.017544734896779577
Ghana,1968.96680139824,64.309,45.3548,64.503,0.350949233772808,0,Developing,7.585771969507925,0.023034822104563566,0.022773525593065846
Gibraltar,2588.0664359177026,83.07,0.6622,59.04029076105143,1.8049708592377387,0,Developing,7.859052640263441,0.0002558666929140057,0.0002558339646143365
Greece,17486.9513800415,81.2878048780488,71.7053,50.055,3.069343544579,1,Developed,9.769267430222696,0.004100503194732953,0.004092119043186707
Greenland,48139.5825957628,71.8507317073171,0.5919,60.01440606717643,2.1092126445396673,1,Developed,10.781880813377725,1.2295495060069309e-05,1.2295419471089525e-05
Grenada,8413.28335500372,75.019,0.1772,60.01440606717643,2.1092126445396673,1,Developed,9.037685940194276,2.1061931771810825e-05,2.106170997244019e-05
Guam,32884.8852646787,75.529,0.0151,60.855,2.1092126445396673,1,Developed,10.400798825387671,4.591775181353224e-07,4.591774127133581e-07
Guatemala,4005.83899021249,69.971,39.3008,56.901,0.441017589859342,0,Developing,8.295757927700668,0.009810878593978459,0.009763064403047883
Guinea,945.570903389665,59.35,26.3328,52.377,1.47688705111674,0,Developing,6.852845878979088,0.0278485726512974,0.02746785331445259
Guinea-Bissau,702.120599916994,61.343,2.8916,62.174,1.62537763900959,0,Developing,6.555528427477373,0.004118380802873253,0.004109923485006499
Guyana,9010.61000469878,67.751,7.3657,50.677,1.40257741131547,1,Developed,9.106269025504641,0.0008174474309906872,0.0008171135028062371
Haiti,1331.69778506932,63.773,13.5011,65.221,0.23271912555853014,0,Developing,7.194960576596846,0.010138261211643613,0.010087213773029785
Honduras,2189.43168668222,70.864,20.3316,60.286,1.43753064533091,0,Developing,7.691853920591996,0.009286245432397902,0.00924339334102275
"Hong Kong SAR, China",41451.3260144604,85.4963414634146,40.5205,58.975,2.1092126445396673,1,Developed,10.632299275140024,0.0009775441197192177,0.000977066634616053
Hungary,14437.8088480852,75.419512195122,65.8413,58.498,1.76006936522039,1,Developed,9.57767491929956,0.004560338808525792,0.00454997196908649
Iceland,52641.7234828803,83.0634146341463,4.1989,73.512,2.1092126445396673,1,Developed,10.871283302557503,7.976372584696114e-05,7.97605448901295e-05
India,1806.50110583878,70.156,3433.619,51.547,2.80719387386131,0,Developing,7.49970056583842,1.9007012998233013,0.22873598013027
Indonesia,3739.44906576846,68.817,1050.3392,67.401,0.886277728854897,0,Developing,8.22696095426171,0.28088073444159994,0.22873598013027
"Iran, Islamic Rep.",5127.95975696418,74.141,889.2859,41.96855394819531,2.16792005411303,0,Developing,8.54265814118266,0.17341904814917444,0.159921750673564
Iraq,4213.99843766061,69.651,331.5823,41.96855394819531,3.1323217364269,0,Developing,8.34640449977411,0.07868590957145134,0.07574354989755262
Ireland,81791.0934649925,82.4560975609756,59.2585,61.09,0.267555214275712,1,Developed,11.311935861012076,0.0007245104263750098,0.0007242480953960859
Isle of Man,86595.0674507157,80.591,2518.7549931529666,60.01440606717643,2.1092126445396673,1,Developed,11.36900968301962,0.029086587346172792,0.028671600392574305
Israel,38049.9903345588,82.6487804878049,78.1304,63.406,3.2351087559283496,1,Developed,10.546682390140587,0.0020533618882167828,0.002051256622117645
Italy,29469.7989279182,82.1951219512195,369.4589,48.254,1.73898398051865,1,Developed,10.291155185235947,0.012536865314340279,0.012458929522725128
Jamaica,4752.33342267359,71.452,7.1645,64.834,1.70647069948671,0,Developing,8.466601424095462,0.0015075751978634031,0.0015064399472153821
Japan,34650.7967802766,84.56,1168.7534,61.947,1.01744793009109,1,Developed,10.453104858404256,0.0337294812414028,0.03317311829918663
Jordan,3806.87949354914,75.583,30.3144,41.96855394819531,3.2351087559283496,0,Developing,8.244827749808932,0.007963057420485352,0.007931519593132638
Kazakhstan,10565.0359816235,71.195,300.4421,71.216,0.907188676192723,1,Developed,9.265399983134278,0.028437394867616143,0.028040557930166344
Kenya,1609.33414078281,61.596,108.4215,67.039,1.10843419595019,0,Developing,7.384196977303772,0.06737040944602204,0.06519806244802269
Kiribati,1793.38536230105,65.205,0.1161,59.04029076105143,1.8049708592377387,0,Developing,7.4924178257390714,6.473789874755911e-05,6.473580334022634e-05
"Korea, Dem. People's Rep.",2588.0664359177026,72.783,96.7463,78.23707675300784,1.8049708592377387,0,Developing,7.859052640263441,0.03738169107923025,0.03669993392577643
"Korea, Rep.",31378.1579340648,83.4268292682927,689.1066,62.274,2.80332162242558,1,Developed,10.353899191448477,0.02196134653436399,0.021723669671318526
Kosovo,3990.94390114906,74.212,1246.471953030303,59.04029076105143,1.02303739145844,0,Developing,8.292033584514241,0.3123251000023886,0.22873598013027
Kuwait,25541.50749746,78.7609756097561,149.0334,68.715,3.2351087559283496,1,Developed,10.14809930399436,0.005834949249366772,0.005817991864673049
Kyrgyz Republic,1093.32864588331,71.8,20.0055,64.743,1.5771749985002,0,Developing,6.997896345440188,0.018297791862791065,0.018132401738639854
Lao PDR,2529.74622698761,68.339,34.4792,62.838,1.8049708592377387,0,Developing,7.836269489610461,0.013629509407770675,0.013537463065654974
Latvia,14900.7294732334,75.1853658536585,11.649,61.566,2.16211101523024,1,Developed,9.6092325572268,0.0007817738065056094,0.0007814683805356564
Lebanon,6440.82843092922,76.299,28.4878,45.219,3.0326454174822,1,Developed,8.770567696647507,0.004423002460863572,0.004413249732465674
Lesotho,944.834118658555,55.133,2.4288,57.107,1.88179923148985,0,Developing,6.852067203420997,0.0025706099642637077,0.0025673115978027657
Liberia,605.025475431411,61.267,4.3558,76.063,0.973405960386543,0,Developing,6.4069220238514095,0.007199366269484957,0.0071735745475293355
Libya,6102.79864032512,72.388,64.3831,48.621,1.8049708592377387,1,Developed,8.71666658426898,0.010549766393172373,0.0104945059246096
Liechtenstein,2588.0664359177026,81.6585365853659,1246.471953030303,59.04029076105143,1.8049708592377387,0,Developing,7.859052640263441,0.48162285779511543,0.22873598013027
Lithuania,17540.2948595021,75.0292682926829,22.6807,62.658,2.06523858406958,1,Developed,9.772313086434105,0.0012930626412881075,0.0012922273557644279
Luxembourg,104616.03467801,82.1439024390244,8.8364,60.103,0.578077082223964,1,Developed,11.55806167278376,8.446506338341829e-05,8.446149641080706e-05
"Macao SAR, China",33952.4969134127,84.1292682926829,2.9696,68.495,2.1092126445396673,1,Developed,10.432747129550341,8.74633758917118e-05,8.745955119366298e-05
Madagascar,422.924255422319,62.706,31.7288,78.23707675300784,0.673153896375499,0,Developing,6.04955479640153,0.07502241735536451,0.07234151471602542
Malawi,559.447086082658,65.216,17.298,68.27,0.834281207531417,0,Developing,6.3287348332077284,0.030919814277921235,0.030451427304026616
Malaysia,10171.4657842762,76.057,294.6664,65.486,0.999653920235799,1,Developed,9.227439916319065,0.028969905247630778,0.028558209823280476
Maldives,7340.09129737358,78.713,2.7028,62.769,2.1092126445396673,1,Developed,8.901242788673358,0.0003682243027368217,0.00036815652480606917
Mali,729.061137632465,58.858,43.4925,65.916,3.2351087559283496,0,Developing,6.593128280817045,0.05965549081553909,0.05794384663262757
Malta,27865.3293176048,82.0975609756098,1.9785,61.889,0.566881931048812,1,Developed,10.235174404503828,7.100221129452148e-05,7.099969075682557e-05
Marshall Islands,5172.57528216176,65.387,0.0026,59.04029076105143,1.8049708592377387,0,Developing,8.551319272434593,5.026509732910817e-07,5.026508469621236e-07
Mauritania,1553.30615586591,66.794,16.0047,41.96855394819531,2.38926918122421,0,Developing,7.348784523020101,0.010303635210328501,0.010250914594465985
Mauritius,9362.87435896817,74.1770731707317,5.5678,56.053,0.23271912555853014,1,Developed,9.144614411067579,0.0005946678110303721,0.0005944910661938063
Mexico,9234.64362485294,70.449,643.8809,56.426,0.717897860988845,1,Developed,9.130825584287434,0.06972449897981349,0.06740113773181014
"Micronesia, Fed. Sts.",2949.82835516828,65.878,0.0473,59.04029076105143,1.8049708592377387,0,Developing,7.989841208279513,1.6034831286751823e-05,1.6034702730218877e-05
Moldova,3188.91691602699,69.914,12.3107,69.68,0.385463277737582,0,Developing,8.067750150307106,0.00386046432822642,0.0038530318581941757
Monaco,161262.925884403,86.089,2518.7549931529666,60.01440606717643,2.1092126445396673,1,Developed,11.990797593002847,0.015618933982125988,0.01549821382360654
Mongolia,4066.03410882791,71.3490243902439,65.5308,61.967,0.709909468541962,0,Developing,8.310669292601318,0.01611663804239216,0.01598814378996099
Montenegro,6515.53680560451,75.9317073170732,2518.7549931529666,50.373,1.73802726045562,1,Developed,8.782098349018126,0.3865767423777567,0.22873598013027
Morocco,3090.89428710938,73.133,103.1779,44.609,3.2351087559283496,0,Developing,8.036539219960295,0.03338124517241012,0.03283618804398816
Mozambique,591.804059985932,61.39,28.5133,78.225,2.03395010408449,0,Developing,6.384863922787594,0.04818030481351852,0.04705561767832011
Myanmar,1301.31386350598,66.612,121.1395,60.151,2.99047588930389,0,Developing,7.171897856318194,0.09309014788609705,0.0890086832737393
Namibia,3787.49943973286,64.071,11.2558,57.885,3.2351087559283496,0,Developing,8.239725293485145,0.002971828822447006,0.002967421668551059
Nauru,7769.40694625475,61.527,0.0012,60.01440606717643,2.1092126445396673,1,Developed,8.958077816025583,1.5445194315358406e-07,1.5445193122588391e-07
Nepal,1031.53618783934,69.106,54.8584,41.96855394819531,1.35853467346652,0,Developing,6.939773372975804,0.053181265617938844,0.05181536042440082
Netherlands,47086.5803832096,81.3585365853659,170.5004,66.442,1.4412639825242,1,Developed,10.759764559101777,0.0036209977155359113,0.003614457686174139
New Caledonia,2588.0664359177026,77.049,6.9053,57.678,1.8049708592377387,0,Developing,7.859052640263441,0.0026681308888237445,0.0026645777463666356
New Zealand,39596.5266174221,82.2560975609756,84.7781,69.863,1.34084212677417,1,Developed,10.58652193613591,0.0021410489061103257,0.002138760127243917
Nicaragua,1959.78830967601,70.766,19.14,64.363,0.629971870953776,0,Developing,7.581101870178591,0.009766360940873357,0.00971897829211254
Niger,533.194328910254,59.89,37.154,72.218,1.73360752172491,0,Developing,6.280759684577305,0.06968191142605659,0.06736132523657279
Nigeria,2337.57587388074,53.072,381.2424,78.23707675300784,0.632022913474166,0,Developing,7.757297422173374,0.16309305903601676,0.15108288670341674
North Macedonia,5743.72649424581,74.3951219512195,10.293,52.107,1.24058656980426,0,Developing,8.65603758153353,0.0017920421542202177,0.0017904383624347616
Northern Mariana Islands,15410.1186923944,78.03,0.0028,60.01440606717643,2.1092126445396673,1,Developed,9.642844520902774,1.816987951807229e-07,1.8169877867349883e-07
Norway,75287.2059530897,83.209756097561,57.1397,65.003,1.96598369239436,1,Developed,11.229078774071617,0.0007589563097294761,0.0007586684480298644
Oman,17743.8858800477,77.763,113.2133,65.442,3.2351087559283496,1,Developed,9.78385263395525,0.006380411864985217,0.006360143206442884
Pakistan,1526.00597486307,65.701,525.7984,51.644,3.2351087559283496,0,Developing,7.331064218022418,0.3445585460746184,0.22873598013027
Palau,14232.2400546821,68.689,1.3362,60.01440606717643,2.1092126445396673,1,Developed,9.563335356991916,9.388543158815108e-05,9.388102462684965e-05
Panama,12647.082664124,76.33,15.8089,66.4,2.1092126445396673,1,Developed,9.445260914614629,0.0012500036901668345,0.0012492230859918027
Papua New Guinea,2438.61137934805,65.075,9.6154,50.788,0.393261831182209,0,Developing,7.7995940348433175,0.003942981682702812,0.0039352285041724415
Paraguay,6109.19608100615,72.72,42.5609,70.117,1.02757342677333,1,Developed,8.71771414346841,0.0069666940519922645,0.006942538762435715
Peru,5831.83024758521,73.832,81.0318,68.924,1.3148655415575,0,Developing,8.671257624253224,0.013894745999088862,0.013799098991463407
Philippines,3198.6669001424,70.097,229.3498,54.746,1.29724003910725,0,Developing,8.070801989664192,0.07170168296979897,0.06924774310956558
Poland,14937.5960275482,76.4,377.5105,57.169,2.28748515617247,1,Developed,9.611703480211277,0.025272506988660553,0.02495843773247954
Portugal,19778.7138255776,81.3292682926829,57.4529,57.579,1.429790701133,1,Developed,9.892412137204378,0.0029047844317208627,0.002900573697635896
Puerto Rico,28145.0053474362,80.009,14.6702,41.96855394819531,2.1092126445396673,1,Developed,10.245160717545701,0.0005212363550443008,0.0005211005585613842
Qatar,57769.604101576,80.409,140.1496,78.23707675300784,2.1092126445396673,1,Developed,10.964235345732511,0.002426009355258445,0.002423071345362796
Romania,10916.3126056493,74.2536585365854,110.7665,52.028,2.00950429821317,1,Developed,9.298105120627955,0.010146878712751157,0.010095744748125624
Russian Federation,9632.3251953125,71.3387804878049,2395.6156,61.422,3.2351087559283496,1,Developed,9.172983740654807,0.2487058473862374,0.22210769290707838
Rwanda,826.391257189481,66.953,7.5282,62.66,1.47386932055023,0,Developing,6.718277687364621,0.009109728514799473,0.009068485225542077
Samoa,4283.07280337978,70.727,0.5656,47.522,1.8049708592377387,0,Developing,8.362659425676222,0.00013205472471859082,0.0001320460062609645
San Marino,40506.8521137898,82.65,2518.7549931529666,60.01440606717643,2.1092126445396673,1,Developed,10.609251113655292,0.06218096104030517,0.06032430476371699
Sao Tome and Principe,1430.84119299096,67.979,0.2605,41.96855394819531,1.8049708592377387,0,Developing,7.26671644262154,0.00018206073551423524,0.00018204416446978774
Saudi Arabia,21944.785821998,77.596,733.0635,62.414,3.2351087559283496,1,Developed,9.996330410184704,0.03340490565486216,0.032859083961346236
Senegal,1361.79143748646,67.496,26.9667,50.23,1.41190887856501,0,Developing,7.217290402736885,0.019802371536256722,0.019608855127738894
Serbia,6850.96677811138,74.4780487804878,2518.7549931529666,53.373,2.37558463404513,1,Developed,8.832291010937128,0.3676495704519117,0.22873598013027
Seychelles,17048.361729788,77.2365853658537,1.2197,60.01440606717643,1.57270914610167,1,Developed,9.743868046807899,7.154353123965344e-05,7.15409721232804e-05
Sierra Leone,999.888885139707,59.694,6.6324,53.271,0.546605434850038,0,Developing,6.9086437692974,0.0066331370400955145,0.006611234587894891
Singapore,59144.3539186758,83.5439024390244,68.0695,68.712,2.81188317988763,1,Developed,10.987753318877324,0.0011509044480153827,0.0011502426652083334
Sint Maarten (Dutch part),28920.3773007159,75.002,2518.7549931529666,60.01440606717643,2.1092126445396673,1,Developed,10.272336299644772,0.08709274318805713,0.08350692481970065
Slovak Republic,17763.8564029317,76.8658536585366,42.5163,58.906,1.92200478883117,1,Developed,9.784977425277606,0.0023934161049051954,0.002390556446572208
Slovenia,22811.8052853002,80.5317073170732,17.8252,57.811,1.0585626998026,1,Developed,10.035077292604628,0.0007814024263781726,0.0007810972904478223
Solomon Islands,1930.64258596415,69.258,0.6507,78.23707675300784,1.8049708592377387,0,Developing,7.566126000745458,0.0003370380435667458,0.00033698125900402047
Somalia,463.032522124252,57.095,32.445,41.96855394819531,1.8049708592377387,0,Developing,6.139954640555037,0.07007067203649592,0.06772469492493911
South Africa,5569.58483319272,65.15,541.7096,54.701,0.955615163117871,0,Developing,8.625255324392068,0.09726211490156428,0.09281809067500428
South Sudan,2588.0664359177026,57.648,1246.471953030303,73.219,2.27987941114745,0,Developing,7.859052640263441,0.48162285779511543,0.22873598013027
Spain,25073.7209751005,82.2317073170732,290.3876,56.401,1.36664551701951,1,Developed,10.129615485155083,0.011581352456157979,0.011514801930996214
Sri Lanka,4229.74962899734,76.928,39.7966,50.495,1.73988733298184,0,Developing,8.350134473596254,0.009408736566148424,0.009364750093769603
St. Kitts and Nevis,18887.4362551531,71.181,0.1416,60.01440606717643,2.1092126445396673,1,Developed,9.846305175446581,7.497047142190458e-06,7.4970190394729905e-06
St. Lucia,8379.30975677286,72.308,0.3966,53.739,2.1092126445396673,1,Developed,9.03364015660836,4.733086751918136e-05,4.7329747449013755e-05
St. Martin (French part),2588.0664359177026,80.085,1246.471953030303,59.04029076105143,1.8049708592377387,0,Developing,7.859052640263441,0.48162285779511543,0.22873598013027
St. Vincent and the Grenadines,8025.28499765773,69.605,0.1362,63.883,2.1092126445396673,1,Developed,8.990477059498406,1.6971359900583156e-05,1.69712158886841e-05
Sudan,1056.86474609375,65.124,136.672,41.96855394819531,0.978360320871545,0,Developing,6.964007765015253,0.12931834513843876,0.12161421631441816
Suriname,7213.10766669943,72.321,3.7481,53.549,2.1092126445396673,1,Developed,8.88379378604014,0.0005196234651125141,0.0005194885075891398
Sweden,51715.78104096,82.3560975609756,52.0428,64.196,1.14608642427625,1,Developed,10.853537592761755,0.0010063233881894,0.0010058173842492051
Switzerland,84637.0132313179,83.0,44.9823,67.984,0.772558973227674,1,Developed,11.346138773651669,0.0005314731496616113,0.0005313319678278935
Syrian Arab Republic,740.811397013438,71.944,40.5397,41.96855394819531,1.8049708592377387,0,Developing,6.60909502893509,0.054723375157880616,0.053278528904825526
Tajikistan,1171.90127480359,68.605,21.0412,41.96855394819531,0.947973986993497,0,Developing,7.067235680408606,0.017954754766801063,0.017795471921360582
Tanzania,1041.25964355469,66.771,83.3068,78.23707675300784,1.07679696200969,0,Developing,6.94914636934913,0.08000578963725533,0.07696640189699584
Thailand,6035.18627737077,77.331,433.7212,67.022,1.46077928107965,1,Developed,8.705527680473637,0.07186542056311652,0.06940051424825879
Timor-Leste,1947.83997138866,66.919,1.9137,65.846,1.78169014084507,0,Developing,7.574989588075278,0.0009824729074820655,0.0009819905968539969
Togo,806.956490395231,61.123,9.5974,57.414,2.83898598749665,0,Developing,6.694508208550458,0.011893330203341431,0.011823160372373345
Tonga,4656.93166185355,72.379,0.3122,53.096,1.8049708592377387,0,Developing,8.446326779201746,6.703984998477264e-05,6.703760291445793e-05
Trinidad and Tobago,15789.6138011089,72.645,36.5129,58.637,0.863709067504928,1,Developed,9.667170979268633,0.0023124631457063067,0.002309793517625092
Tunisia,3749.26722435797,75.004,40.1968,46.978,2.7097783729293,0,Developing,8.229582376254388,0.01072124167059961,0.010664176668566758
Turkiye,12179.6626536773,76.525,583.3643,49.334,2.43140036241802,1,Developed,9.407604944847805,0.04789658930527684,0.046784906703192825
Turkmenistan,6965.11226889286,68.846,99.7859,46.511,2.1092126445396673,1,Developed,8.848812567490427,0.014326531453865778,0.014224876460716886
Turks and Caicos Islands,18073.2852240745,77.499,0.0963,60.01440606717643,2.1092126445396673,1,Developed,9.802245501242247,5.328306326495843e-06,5.328292131122113e-06
Tuvalu,4233.0183205634,66.357,0.0039,59.04029076105143,1.8049708592377387,0,Developing,8.350906778696173,9.213284008373777e-07,9.213279764146273e-07
Uganda,917.0350317644,66.41,50.2018,78.23707675300784,2.73212093048135,0,Developing,6.822235550855778,0.05474360112874902,0.05329770528549078
Ukraine,2324.107421875,73.283,287.5521,55.087,3.2351087559283496,0,Developing,7.7515215199111225,0.12372582148892845,0.11664979065580716
United Arab Emirates,40776.6308681689,81.936,249.3237,78.23707675300784,2.1092126445396673,1,Developed,10.615888947006042,0.006114377149158426,0.006095760194045889
United Kingdom,42215.8837450989,80.331756097561,399.6036,62.543,2.16221591341109,1,Developed,10.650575508756361,0.00946571680016985,0.009421197619708173
United States,59493.1459820135,76.9804878048781,5671.6044,61.556,3.2351087559283496,1,Developed,10.9936331998365,0.09533206399464386,0.09105757208565353
Uruguay,16439.3140406635,78.381,38.9164,61.255,2.03583835576405,1,Developed,9.707491770657866,0.002367276390227613,0.002364478805707721
Uzbekistan,3249.05191093933,71.461,197.9939,55.517,1.8049708592377387,0,Developing,8.08642624779294,0.06093897710078698,0.059154343463955886
Vanuatu,2747.30576044379,70.385,0.6291,58.039,1.8049708592377387,0,Developing,7.9187399136896195,0.0002289879812643706,0.00022896176751826768
"Venezuela, RB",2588.0664359177026,72.369,136.3366,51.95,1.57552271230291,0,Developing,7.859052640263441,0.05267894135478651,0.05133828766238514
Viet Nam,3303.16949807493,75.383,497.4168,74.367,1.8049708592377387,0,Developing,8.10294043419516,0.15058773105342974,0.1402728823043625
Virgin Islands (U.S.),35850.7433148653,79.819512195122,0.0244,52.662,2.1092126445396673,1,Developed,10.487147472875177,6.805995564918366e-07,6.805993248840636e-07
West Bank and Gaza,2922.46801084844,74.998,1246.471953030303,41.96855394819531,1.8049708592377387,0,Developing,7.980525865482469,0.42651346341629653,0.22873598013027
"Yemen, Rep.",951.130341070454,66.435,32.8781,41.96855394819531,1.8049708592377387,0,Developing,6.8587019383087835,0.034567396896409794,0.033983365328715966
Zambia,1228.73500113195,63.361,27.3441,60.872,1.17049645770462,0,Developing,7.114553978920402,0.022253862691963475,0.0220098588731949
Zimbabwe,1224.27231433409,61.53,26.7706,64.763,0.997931278066502,0,Developing,7.1109183956900015,0.021866540382040046,0.02163089654399323
